date_time,open,high,low,close,volume,spread,real_volume
2023-09-13,146.5451,146.5451,146.5451,146.5451,1,0,0
2023-09-18,146.89178,146.89178,146.89178,146.89178,1,0,0
2023-09-25,147.34404,147.34404,147.34404,147.34404,1,0,0
2023-10-02,148.19649,148.19649,148.19649,148.19649,1,0,0
2023-10-09,148.7108,148.7108,148.7108,148.7108,1,0,0
2023-10-16,149.29259,149.29259,149.29259,149.29259,1,0,0
2023-10-23,149.98775,149.98775,149.98775,149.98775,1,0,0
2023-10-24,149.99367,149.99367,149.99367,149.99367,1,0,0
2023-10-30,150.50533,150.50533,150.50533,150.50533,1,0,0
2023-10-31,150.51485,150.51485,150.51485,150.51485,1,0,0
2023-11-09,151.64005,151.64005,151.64005,151.64005,1,0,0
2023-11-20,151.55707,151.55707,151.55707,151.55707,1,0,0
2023-11-28,152.99471,152.99471,152.99471,152.99471,1,0,0
2023-11-29,152.99574,153.19899,152.99574,153.19899,2,0,0
2023-11-30,153.19707,153.19707,153.19707,153.19707,1,0,0
2023-12-04,152.66641,152.66641,152.66641,152.66641,1,0,0
2023-12-05,153.27055,153.27055,153.27055,153.27055,1,0,0
2023-12-06,153.27904,153.27904,153.27904,153.27904,1,0,0
2023-12-08,153.30507,153.30507,153.30507,153.30507,1,0,0
2023-12-11,153.34601,153.34601,153.34601,153.34601,1,0,0
2023-12-12,153.39603,153.39603,153.39603,153.39603,1,0,0
2023-12-13,153.39586,153.39761,153.39586,153.39761,2,0,0
2023-12-18,153.60001,153.60001,153.60001,153.60001,1,0,0
2023-12-26,154.96326,154.96384,154.96326,154.96384,2,0,0
2024-01-02,156.99287,156.99287,156.99287,156.99287,1,0,0
2024-01-03,156.96193,156.96193,156.96193,156.96193,1,0,0
2024-01-08,157.71767,157.71767,157.71767,157.71767,1,0,0
2024-01-09,157.72911,157.72911,157.72911,157.72911,1,0,0
2024-01-15,159.48906,159.48906,159.48906,159.48906,1,0,0
2024-01-18,159.49072,159.49072,159.49072,159.49072,1,0,0
2024-01-29,162.50851,162.50851,162.50851,162.50851,1,0,0
2024-02-05,160.55058,160.55058,160.55058,160.55058,1,0,0
2024-02-12,159.45296,159.4698,159.45296,159.4698,2,0,0
2024-02-19,145.004,145.004,145.004,145.004,1,0,0
2024-02-26,145.86047,145.86047,145.86047,145.86047,1,0,0
2024-03-04,146.93274,146.93274,146.93274,146.93274,1,0,0
2024-03-11,141.93713,141.93713,141.93713,141.93713,1,0,0
2024-03-18,134.69943,134.69943,134.69943,134.69943,1,0,0
2024-03-25,131.88441,131.88441,131.88441,131.88441,1,0,0
2024-03-28,131.91177,131.91177,131.91177,131.91177,1,0,0
2024-04-01,132.31184,132.31184,132.31184,132.31184,1,0,0
2024-04-08,129.92265,129.92265,129.92265,129.92265,1,0,0
2024-04-10,129.88957,129.88957,129.88957,129.88957,1,0,0
2024-04-11,129.89067,129.89067,129.89067,129.89067,1,0,0
2024-04-15,129.93466,129.93466,129.93466,129.93466,1,0,0
2024-04-22,133.03233,133.03233,133.03233,133.03233,1,0,0
2024-04-29,134.9351,134.95959,134.9351,134.95959,2,0,0
2024-05-01,134.95775,134.95775,134.95775,134.95775,2,0,0
2024-05-02,134.99371,134.99371,134.99371,134.99371,1,0,0
2024-05-06,134.78662,134.78662,134.78662,134.78662,1,0,0
2024-05-13,131.39606,131.39606,131.39606,131.39606,1,0,0
2024-05-20,130.98709,130.98709,130.98709,130.98709,1,0,0
2024-05-27,130.68913,130.68913,130.68913,130.68913,1,0,0
2024-06-03,130.39075,130.39075,130.39075,130.39075,1,0,0
2024-06-04,130.39331,130.39331,130.39331,130.39331,1,0,0
2024-06-06,130.33252,130.33252,130.33252,130.33252,1,0,0
2024-06-10,129.91634,129.9426,129.91634,129.9426,2,0,0
2024-06-17,129.19286,129.19286,129.19286,129.19286,1,0,0
2024-06-19,129.14449,129.14449,129.14449,129.14449,1,0,0
2024-06-24,128.30649,128.30649,128.30649,128.30649,1,0,0
2024-06-25,128.35211,128.35211,128.35211,128.35211,1,0,0
2024-06-26,128.39236,128.39236,128.39236,128.39236,1,0,0
2024-07-01,129.24538,129.24538,129.24538,129.24538,1,0,0
2024-07-08,127.27798,127.27798,127.27798,127.27798,1,0,0
2024-07-15,128.88126,128.88129,128.88107,128.88107,3,0,0
2024-07-17,130.26854,130.4894,130.26854,130.4894,7,0,0
2024-07-18,127.43836,130.99141,127.43727,130.8548,14,0,0
2024-07-19,130.9892,130.99339,130.86149,130.99339,16,0,0
2024-07-22,130.96572,131.48056,130.54062,131.02042,12,0,0
2024-07-23,130.999,132.44758,130.999,132.44758,12,0,0
2024-07-24,132.32328,132.75219,132.20874,132.23811,12,0,0
2024-07-25,132.32603,132.99065,132.32603,132.89372,12,0,0
2024-07-26,132.75602,132.83799,130.11879,130.11879,12,0,0
2024-07-29,130.12046,130.9942,129.91572,130.88012,12,0,0
2024-07-30,130.94748,131.07512,129.88984,129.88984,12,0,0
2024-07-31,129.88924,130.18769,128.92993,128.99634,17,0,0
2024-08-01,128.99146,129.7593,128.95681,129.75929,15,0,0
2024-08-02,129.85252,129.98837,129.84956,129.98837,16,0,0
2024-08-05,129.98448,130.01939,128.86245,130.0137,12,0,0
2024-08-06,129.98827,130.02261,129.58917,129.58917,12,0,0
2024-08-07,129.59367,129.71081,129.06539,129.10827,12,0,0
2024-08-08,129.10895,129.68415,128.90237,129.34234,12,0,0
2024-08-09,129.39609,129.9369,128.99069,129.02347,12,0,0
2024-08-12,128.98702,129.69927,128.93868,129.07778,12,0,0
2024-08-13,129.08909,129.08909,128.89119,128.93291,12,0,0
2024-08-14,128.98672,129.04117,128.87079,128.99285,12,0,0
2024-08-15,128.98907,129.50297,128.98038,129.01749,12,0,0
2024-08-16,129.02177,130.63849,128.9516,128.97794,12,0,0
2024-08-19,128.66267,129.03067,128.65088,128.87988,15,0,0
2024-08-20,128.98598,128.98598,128.43008,128.87897,18,0,0
2024-08-21,128.93903,128.99487,128.63159,128.95609,16,0,0
2024-08-22,128.90404,129.04388,128.69945,128.90616,14,0,0
2024-08-23,128.93419,129.2921,128.90646,128.91425,16,0,0
2024-08-26,128.98765,129.01668,127.96935,129.01668,12,0,0
2024-08-27,128.98582,129.01458,128.79897,128.89216,12,0,0
2024-08-28,129.01036,129.01687,128.74687,129.00866,12,0,0
2024-08-29,128.98677,128.98677,128.74733,128.77021,12,0,0
2024-08-30,128.99211,128.9948,128.70158,128.76574,12,0,0
2024-09-02,129.17086,129.17086,128.7362,128.7362,12,0,0
2024-09-03,128.81231,128.89914,128.66516,128.89914,12,0,0
2024-09-04,128.87708,128.99035,128.67114,128.99035,12,0,0
2024-09-05,128.62934,128.93769,128.59936,128.91409,12,0,0
2024-09-06,128.97327,129.02074,128.58912,128.99039,12,0,0
2024-09-09,128.86344,129.01583,128.86344,128.98486,12,0,0
2024-09-10,129.02241,129.02241,128.82762,128.9875,12,0,0
2024-09-11,129.02399,129.22589,128.93511,129.0035,12,0,0
2024-09-12,129.02032,129.46935,128.84791,129.01053,12,0,0
2024-09-13,129.01553,129.01553,128.92527,128.97718,12,0,0
2024-09-16,129.03612,129.11604,128.86709,128.98314,12,0,0
2024-09-17,128.98978,129.0348,128.98435,128.98461,12,0,0
2024-09-18,129.08333,129.11856,128.93512,129.03781,12,0,0
2024-09-19,129.03642,129.36304,128.89624,128.98125,12,0,0
2024-09-20,128.99721,129.14394,128.97711,128.99524,12,0,0
2024-09-23,129.01703,129.02043,128.78962,129.02043,12,0,0
2024-09-24,128.97154,129.01804,128.91311,128.98413,12,0,0
2024-09-25,129.01773,129.01773,128.16132,129.01444,12,0,0
2024-09-26,128.98211,129.38271,128.96096,128.97002,12,0,0
2024-09-27,128.97892,129.00267,128.74856,128.97262,12,0,0
2024-09-30,128.9825,129.0191,128.97023,128.9768,12,0,0
2024-10-01,128.99056,129.52238,128.88843,129.00168,12,0,0
2024-10-02,129.00377,129.13457,128.98865,129.02086,11,0,0
2024-10-03,128.98889,129.12299,128.98538,129.01969,12,0,0
2024-10-04,129.02025,129.04697,128.98839,128.99146,12,0,0
2024-10-07,129.47614,129.54335,128.98941,128.99962,12,0,0
2024-10-08,129.02337,129.02337,128.88097,128.99522,12,0,0
2024-10-09,128.99289,129.05421,128.96908,129.02425,11,0,0
2024-10-10,128.99701,129.17056,128.99286,128.99286,11,0,0
2024-10-11,128.99911,129.02393,128.9604,128.99973,12,0,0
2024-10-14,128.83248,129.05815,128.83248,128.97442,12,0,0
2024-10-15,128.99858,129.07066,128.93255,128.99663,12,0,0
2024-10-16,128.99796,129.27777,128.99753,128.99834,11,0,0
2024-10-17,129.02356,129.29492,128.99225,128.99788,12,0,0
2024-10-18,128.99723,129.31927,128.99449,128.99824,12,0,0
2024-10-21,129.0908,129.23048,129.04846,129.06492,12,0,0
2024-10-22,129.05058,129.20891,128.99521,128.99602,12,0,0
2024-10-23,128.99783,129.21863,128.99336,129.02573,12,0,0
2024-10-24,129.01862,129.09626,128.93163,128.97914,12,0,0
2024-10-25,128.986,129.19564,128.88812,128.99788,12,0,0
2024-10-28,129.16114,129.16114,128.92003,129.02496,12,0,0
2024-10-29,128.99432,129.12303,128.6742,128.67876,12,0,0
2024-10-30,128.68454,129.05919,128.59377,129.03705,15,0,0
2024-10-31,128.99657,129.02469,128.82317,128.99596,15,0,0
2024-11-01,128.99736,129.03601,128.87375,129.01633,14,0,0
2024-11-04,128.89679,129.11935,128.7522,129.03766,12,0,0
2024-11-05,129.11002,129.32093,129.0262,129.32093,12,0,0
2024-11-06,129.1275,129.16497,128.98914,129.08376,12,0,0
2024-11-07,129.02139,129.03403,128.88362,129.03403,12,0,0
2024-11-08,129.02393,129.10637,128.76682,129.10078,12,0,0
2024-11-11,129.64501,129.73153,129.03662,129.10807,12,0,0
2024-11-12,129.05509,129.23812,128.99519,129.10924,12,0,0
2024-11-13,129.11188,129.40686,128.99141,128.99141,12,0,0
2024-11-14,129.07647,129.49877,129.07647,129.49877,12,0,0
2024-11-15,129.50248,129.50248,129.30093,129.47633,12,0,0
2024-11-18,129.61988,129.63446,129.3185,129.4111,12,0,0
2024-11-19,129.129,129.39093,128.9003,128.92495,12,0,0
2024-11-20,129.42252,129.42803,128.99602,128.99602,12,0,0
2024-11-21,128.99393,129.50542,128.99393,129.44915,12,0,0
2024-11-22,129.40542,129.50869,129.39502,129.4925,12,0,0
2024-11-25,129.69403,129.69403,128.99739,128.99739,12,0,0
2024-11-26,129.03334,129.43848,128.99195,129.41972,12,0,0
2024-11-27,129.43258,129.65331,129.43258,129.44111,12,0,0
2024-11-28,129.38816,129.79384,129.19143,129.79384,12,0,0
2024-11-29,129.79472,129.79716,129.49393,129.49393,12,0,0
2024-12-02,129.3851,129.8585,129.29931,129.53757,12,0,0
2024-12-03,129.49704,129.96253,129.39438,129.49256,12,0,0
2024-12-04,129.53989,129.68671,129.33642,129.50051,12,0,0
2024-12-05,129.51219,129.51219,129.31843,129.38979,12,0,0
2024-12-06,129.38876,129.75171,129.29458,129.74218,12,0,0
2024-12-09,129.69298,129.69298,129.32642,129.41382,12,0,0
2024-12-10,129.4104,129.47094,129.30143,129.43245,12,0,0
2024-12-11,129.447,129.46443,128.99009,128.99009,12,0,0
2024-12-12,129.03886,129.48438,129.03886,129.48301,12,0,0
2024-12-13,129.49966,129.73978,129.30428,129.30428,12,0,0
2024-12-16,129.00575,129.17188,128.97535,129.14903,17,0,0
2024-12-17,129.14106,129.21979,129.04292,129.21979,18,0,0
2024-12-18,129.22105,129.25282,129.05083,129.19724,16,0,0
2024-12-19,129.21963,129.522,129.15265,129.522,18,0,0
2024-12-20,129.48092,129.72141,129.07841,129.25755,18,0,0
2024-12-23,128.61,129.33345,128.60606,129.32804,12,0,0
2024-12-24,129.33292,129.35393,129.17121,129.17121,12,0,0
2024-12-26,129.07817,129.07837,129.0528,129.0577,12,0,0
2024-12-27,129.05634,129.42489,129.05156,129.40594,12,0,0
2024-12-30,129.5325,129.5502,129.17422,129.19582,17,0,0
2024-12-31,129.19187,129.66168,129.16853,129.35812,16,0,0
2025-01-02,129.37574,129.38039,129.25393,129.35522,18,0,0
2025-01-03,129.28303,129.78325,129.2766,129.3239,15,0,0
2025-01-06,129.11036,129.3899,129.11036,129.3899,12,0,0
2025-01-07,129.39424,129.62054,129.2924,129.39609,12,0,0
2025-01-08,129.37599,129.83429,129.28348,129.59501,12,0,0
2025-01-09,129.50001,129.50249,129.30712,129.49846,14,0,0
2025-01-10,129.49172,129.49805,129.3959,129.45561,16,0,0
2025-01-13,129.72728,129.89314,129.39732,129.4994,11,0,0
2025-01-14,129.48729,129.59642,128.96431,129.59642,12,0,0
2025-01-15,129.59726,129.59906,129.35702,129.5024,12,0,0
2025-01-16,129.49344,129.56876,129.4157,129.53001,12,0,0
2025-01-17,129.4999,129.51182,129.3823,129.51072,12,0,0
2025-01-20,129.57727,129.59417,129.39346,129.46893,12,0,0
2025-01-21,129.45502,129.49829,129.27527,129.49829,12,0,0
2025-01-22,129.49912,129.49912,129.27649,129.47773,12,0,0
2025-01-23,129.50328,129.86607,129.2567,129.4993,12,0,0
2025-01-24,129.46751,129.49338,129.22383,129.46866,12,0,0
2025-01-27,129.07,129.61237,129.00947,129.11257,12,0,0
2025-01-28,129.01138,129.47179,129.01138,129.47179,12,0,0
2025-01-29,129.43859,129.49459,129.06948,129.49459,12,0,0
2025-01-30,129.44689,129.48153,129.03414,129.03414,12,0,0
2025-01-31,129.10355,129.49657,128.994,129.20882,12,0,0
2025-02-03,128.55256,129.86359,128.55256,128.99552,12,0,0
2025-02-04,129.016,129.2156,128.99374,129.21409,12,0,0
2025-02-05,129.22526,129.22526,128.9627,128.99768,12,0,0
2025-02-06,129.00871,129.19516,128.99246,129.07974,11,0,0
2025-02-07,129.06406,129.12082,128.93576,129.00269,12,0,0
2025-02-10,129.49871,129.768,129.03679,129.03679,12,0,0
2025-02-11,129.05397,129.23205,129.05397,129.08605,12,0,0
2025-02-12,129.09723,129.27628,128.99642,129.02096,12,0,0
2025-02-13,129.115,129.24814,128.9898,128.99339,12,0,0
2025-02-14,129.00865,129.33069,128.70183,128.99228,11,0,0
2025-02-17,129.04276,129.38964,128.94968,129.3795,12,0,0
2025-02-18,129.36044,129.66811,128.99114,128.99114,12,0,0
2025-02-19,129.03562,129.41863,128.99147,129.39635,12,0,0
2025-02-20,129.38674,129.49748,129.38674,129.495,12,0,0
2025-02-21,129.47982,129.50798,129.04732,129.49311,12,0,0
2025-02-24,129.49211,129.5931,129.3323,129.5931,12,0,0
2025-02-25,129.46841,129.5077,129.36353,129.48149,12,0,0
2025-02-26,129.54421,129.54421,129.32201,129.5305,12,0,0
2025-02-27,129.46191,129.48211,129.25064,129.3024,12,0,0
2025-02-28,129.42189,129.42189,129.11171,129.31733,12,0,0
2025-03-03,129.19988,129.27201,128.8125,128.8125,12,0,0
2025-03-04,128.85855,129.23515,128.79609,129.20091,14,0,0
2025-03-05,129.19418,129.2149,128.84813,128.99662,12,0,0
2025-03-06,128.67691,129.20352,128.35164,129.16905,12,0,0
2025-03-07,129.18632,129.33025,129.02797,129.09985,12,0,0
2025-03-10,129.28902,129.42797,128.96552,129.31458,11,0,0
2025-03-11,129.27009,129.3931,129.15608,129.23379,12,0,0
2025-03-12,129.21234,129.45213,129.11905,129.387,12,0,0
2025-03-13,129.37217,129.48477,129.32083,129.43813,12,0,0
2025-03-14,129.44364,129.49763,129.41573,129.4672,12,0,0
2025-03-17,129.50683,129.50683,129.05048,129.05048,12,0,0
2025-03-18,129.30234,129.48884,129.30234,129.48884,12,0,0
2025-03-19,129.46792,129.4697,129.26104,129.40229,12,0,0
2025-03-20,129.46464,129.46464,129.33082,129.45701,12,0,0
2025-03-21,129.45492,129.45492,129.36091,129.44752,12,0,0
2025-03-24,129.36085,129.58175,129.28727,129.45352,12,0,0
2025-03-25,129.47167,129.53988,129.34983,129.48306,12,0,0
2025-03-26,129.45973,129.59424,129.35181,129.4743,16,0,0
2025-03-27,129.47766,129.56184,129.16874,129.16875,16,0,0
2025-03-28,129.24496,129.44514,129.23027,129.44514,17,0,0
2025-03-31,128.89225,129.37807,128.32767,129.37807,12,0,0
2025-04-01,129.3679,129.3679,129.21307,129.24676,12,0,0
2025-04-02,129.34631,129.4041,129.19128,129.19128,12,0,0
2025-04-03,129.3192,129.36315,129.19833,129.35668,12,0,0
2025-04-04,129.22738,129.24781,129.124,129.17508,12,0,0
2025-04-07,129.02897,129.55025,129.02897,129.48572,12,0,0
2025-04-08,129.46021,129.58503,129.45318,129.48163,12,0,0
2025-04-09,129.49432,129.51378,128.89387,129.51378,12,0,0
2025-04-10,129.48108,129.6988,129.48083,129.53692,12,0,0
2025-04-11,129.51305,129.63706,129.47215,129.63706,12,0,0
2025-04-14,129.30129,129.63284,129.30129,129.54017,12,0,0
2025-04-15,129.54987,129.71319,129.50809,129.68447,12,0,0
2025-04-16,129.67886,129.69461,129.60085,129.66092,12,0,0
2025-04-17,129.66992,129.66992,129.56929,129.59573,12,0,0
2025-04-18,129.58344,129.61657,129.54039,129.55843,12,0,0
2025-04-21,129.55822,129.57986,129.48796,129.51494,12,0,0
2025-04-22,129.69095,129.72748,129.57468,129.57468,12,0,0
2025-04-23,129.55288,129.62136,129.4012,129.4012,12,0,0
2025-04-24,129.44293,129.79057,129.37789,129.39461,12,0,0
2025-04-25,129.39773,129.5422,129.34965,129.38956,12,0,0
2025-04-28,129.46498,129.46498,129.26928,129.27939,12,0,0
2025-04-29,129.27754,129.39216,128.95768,129.39216,11,0,0
2025-04-30,129.43965,129.43965,129.22203,129.2782,13,0,0
2025-05-01,129.20463,129.66943,129.20463,129.62295,12,0,0
2025-05-02,129.58346,129.64466,129.27389,129.29792,12,0,0
2025-05-05,129.64181,129.64181,129.18996,129.19957,12,0,0
2025-05-06,129.22355,129.25318,129.19084,129.20677,12,0,0
2025-05-07,129.32862,129.36507,129.20283,129.21888,12,0,0
2025-05-08,129.21732,129.25747,129.1807,129.19988,12,0,0
2025-05-09,129.21392,129.33758,129.17503,129.33427,12,0,0
2025-05-12,129.14847,129.27992,129.14732,129.27992,12,0,0
2025-05-13,129.26512,129.29534,129.07265,129.29534,12,0,0
2025-05-14,129.3208,129.33655,129.18767,129.32749,12,0,0
2025-05-15,129.28696,129.35528,129.2462,129.35528,11,0,0
2025-05-16,129.3056,129.37885,129.19694,129.21892,12,0,0
2025-05-19,129.62213,129.62213,129.17216,129.2139,14,0,0
2025-05-20,129.18909,129.50775,129.18381,129.31458,14,0,0
2025-05-21,129.33152,129.33565,129.02525,129.23189,19,0,0
2025-05-22,129.32518,129.46858,129.18506,129.18506,17,0,0
2025-05-23,129.18494,129.23625,129.16797,129.23625,13,0,0
2025-05-26,129.09163,129.31524,128.88259,129.25638,12,0,0
2025-05-27,129.30033,129.33925,129.18403,129.18818,12,0,0
2025-05-28,129.19134,129.25365,129.17234,129.24734,12,0,0
2025-05-29,129.25717,129.25717,129.21033,129.23485,12,0,0
2025-05-30,129.23818,129.24167,129.16311,129.19169,12,0,0
2025-06-02,129.21681,129.21681,128.95305,129.14149,12,0,0
2025-06-03,129.14862,129.26515,129.07956,129.25887,12,0,0
2025-06-04,129.25151,129.34042,129.2164,129.34042,12,0,0
2025-06-05,129.39934,129.39934,129.20411,129.23073,12,0,0
2025-06-06,129.31118,129.38149,129.29606,129.37465,12,0,0
2025-06-09,129.42977,129.42977,129.19198,129.20113,12,0,0
2025-06-10,129.20288,129.33988,129.15988,129.29298,12,0,0
2025-06-11,129.2892,129.35196,129.16792,129.33773,12,0,0
2025-06-12,129.33678,129.35271,129.16898,129.35271,12,0,0
2025-06-13,129.32042,129.41497,129.17853,129.3632,12,0,0
2025-06-16,128.91947,129.32261,128.91947,129.32261,12,0,0
2025-06-17,129.16255,129.37363,129.08132,129.37363,12,0,0
2025-06-18,129.35097,129.39826,129.15662,129.36692,12,0,0
2025-06-19,129.37744,129.37744,129.12088,129.13837,12,0,0
2025-06-20,129.36924,129.36924,129.18795,129.19109,12,0,0
2025-06-23,129.21906,129.36435,129.173,129.34088,12,0,0
2025-06-24,129.29644,129.37205,129.18689,129.1942,12,0,0
2025-06-25,129.19846,129.36399,129.18666,129.31674,12,0,0
2025-06-26,129.32576,129.35293,129.16041,129.30868,12,0,0
2025-06-27,129.25641,129.3817,129.21241,129.29848,12,0,0
2025-06-30,129.15819,129.37119,129.15819,129.37119,12,0,0
2025-07-01,129.40168,129.40168,129.05784,129.21011,12,0,0
2025-07-02,129.23722,129.32013,129.19301,129.2728,12,0,0
2025-07-03,129.35208,129.37267,129.18385,129.3518,12,0,0
2025-07-04,129.32864,129.34912,129.18354,129.18361,12,0,0
2025-07-07,129.20304,129.25765,129.18027,129.24991,12,0,0
2025-07-08,129.27988,129.38563,129.10285,129.2743,12,0,0
2025-07-09,129.3565,129.3616,129.23,129.32075,12,0,0
2025-07-10,129.31487,129.42602,129.08886,129.28772,12,0,0
2025-07-11,129.3405,129.3405,129.19057,129.32367,12,0,0
2025-07-14,129.18851,129.33789,129.18268,129.30529,12,0,0
2025-07-15,129.35571,129.35571,129.20863,129.33933,12,0,0
2025-07-16,129.28759,129.59489,129.18642,129.27242,12,0,0
2025-07-17,129.26285,129.34822,129.15911,129.33397,12,0,0
2025-07-18,129.2922,129.30663,128.97299,129.30663,12,0,0
2025-07-21,129.31893,129.33697,129.16436,129.30771,12,0,0
2025-07-22,129.30132,129.35252,128.96998,129.35252,12,0,0
2025-07-23,129.2885,129.38226,129.17378,129.33998,12,0,0
2025-07-24,129.29195,129.33646,128.92107,129.30811,13,0,0
2025-07-25,129.28825,129.32189,129.18836,129.18846,12,0,0
2025-07-28,128.9689,129.32965,128.86204,129.32112,12,0,0
2025-07-29,129.3672,129.43584,129.1845,129.43584,12,0,0
2025-07-30,129.34275,129.41446,129.16204,129.3043,12,0,0
2025-07-31,129.3024,129.42433,129.04141,129.42433,12,0,0
2025-08-01,129.43456,129.43456,129.19093,129.31647,12,0,0
2025-08-04,127.79398,129.31894,127.79398,129.31894,13,0,0
2025-08-05,129.23498,129.38726,129.1726,129.38726,14,0,0
2025-08-06,129.34956,129.41882,129.19333,129.41882,13,0,0
2025-08-07,129.35699,129.43289,129.0695,129.42141,13,0,0
2025-08-08,129.36084,129.42267,129.12538,129.15339,15,0,0
2025-08-11,129.08907,129.3034,129.03882,129.28557,17,0,0
2025-08-12,129.41782,129.41782,129.18016,129.3404,12,0,0
2025-08-13,129.46089,129.46089,129.17564,129.3527,13,0,0
2025-08-14,129.30115,129.44512,129.18034,129.34362,12,0,0
2025-08-15,129.29288,129.41722,129.18403,129.21307,13,0,0
2025-08-18,129.05314,129.24489,129.01277,129.18497,12,0,0
2025-08-19,129.41821,129.42123,129.16307,129.26678,13,0,0
2025-08-20,129.2425,129.45063,129.13992,129.13992,16,0,0
2025-08-21,129.1762,129.3151,129.08681,129.29454,20,0,0
2025-08-22,129.26575,129.40958,129.1342,129.1805,17,0,0
2025-08-25,129.01621,129.25214,128.03975,129.25214,13,0,0
2025-08-26,129.2162,129.5042,129.16623,129.26434,12,0,0
2025-08-27,129.27291,129.36828,129.16654,129.36828,12,0,0
2025-08-28,129.42387,129.42387,129.18126,129.27262,12,0,0
2025-08-29,129.30145,129.32285,129.18599,129.32285,12,0,0
2025-09-01,129.0361,129.18108,128.9552,129.16268,12,0,0
2025-09-02,129.15604,129.3949,129.08698,129.08698,13,0,0
2025-09-03,129.19314,129.45773,129.14789,129.45773,12,0,0
2025-09-04,129.43444,129.44984,129.12309,129.33458,12,0,0
2025-09-05,129.33795,129.43637,129.15954,129.32037,12,0,0
2025-09-08,129.13743,129.37524,129.13743,129.37524,13,0,0
2025-09-09,129.38773,129.4237,129.216,129.35667,18,0,0
2025-09-10,129.40929,129.45619,129.17709,129.38832,21,0,0
2025-09-11,129.29931,129.43027,129.19991,129.43027,17,0,0
2025-09-12,129.28568,129.36465,128.95811,129.14709,15,0,0
2025-09-15,129.15847,129.43219,129.15793,129.30455,14,0,0
2025-09-16,129.2994,129.46791,129.17724,129.27821,14,0,0
2025-09-17,129.30742,129.32832,128.79129,129.17854,12,0,0
2025-09-18,129.1887,129.40591,129.1853,129.40591,7,0,0
2025-09-19,129.38981,129.75192,129.1889,129.26541,14,0,0
2025-09-22,129.30763,129.59795,129.17416,129.59795,12,0,0
2025-09-23,129.51887,129.5217,129.17679,129.30284,13,0,0
2025-09-24,129.38969,129.44434,129.18663,129.44434,14,0,0
2025-09-25,129.41278,129.43622,129.19307,129.29791,15,0,0
2025-09-26,129.37399,129.81419,129.16585,129.35848,14,0,0
2025-09-29,128.94507,129.57141,128.73405,129.57141,13,0,0
2025-09-30,129.52611,129.70252,129.18918,129.30292,14,0,0
2025-10-01,129.38664,129.40068,129.16391,129.27715,14,0,0
2025-10-02,129.35765,129.48557,129.12819,129.12819,14,0,0
2025-10-03,129.18275,129.4008,129.18275,129.34444,14,0,0
2025-10-06,129.26225,129.36698,129.16424,129.36698,16,0,0
2025-10-07,129.32219,129.38265,128.81247,129.2982,14,0,0
2025-10-08,129.41282,129.41282,129.2299,129.31562,14,0,0
2025-10-09,129.33349,129.99262,129.18037,129.69639,14,0,0
2025-10-10,129.24333,129.66355,129.22559,129.28642,14,0,0
2025-10-13,129.00195,129.23042,128.83005,129.22086,13,0,0
2025-10-14,129.21977,129.27309,129.1933,129.1933,15,0,0
2025-10-15,129.22296,129.23748,128.70799,129.1756,14,0,0
2025-10-16,129.16523,129.33565,129.15438,129.26401,14,0,0
2025-10-17,129.27522,129.27522,128.9555,129.19503,14,0,0
2025-10-20,129.40411,129.4153,129.19362,129.20153,13,0,0
2025-10-21,129.20557,129.21476,129.18538,129.21476,13,0,0
2025-10-22,129.20276,129.27046,129.01442,129.01442,13,0,0
2025-10-23,129.0394,129.18837,128.9145,129.06171,14,0,0
2025-10-24,129.09701,129.22525,129.03514,129.19487,14,0,0
2025-10-27,128.95876,129.28874,128.83399,129.28874,13,0,0
2025-10-28,129.28114,129.50092,129.18914,129.22987,13,0,0
2025-10-29,129.19192,129.29998,129.16796,129.20809,14,0,0
2025-10-30,129.24553,129.26174,129.18739,129.18739,14,0,0
2025-10-31,129.19064,129.32046,129.19064,129.19946,14,0,0
2025-11-03,129.09964,129.60669,128.95106,129.27446,34,0,0
2025-11-04,129.29622,129.33395,129.19152,129.23475,25,0,0
2025-11-05,129.20176,129.22866,129.14363,129.20427,13,0,0
2025-11-06,129.21688,129.2533,129.17916,129.18498,12,0,0
2025-11-07,129.17491,129.25439,129.15388,129.21368,12,0,0
2025-11-10,129.20988,129.22807,129.11755,129.17316,14,0,0
2025-11-11,129.2042,129.23471,129.16293,129.20975,14,0,0
2025-11-12,129.19922,129.22864,129.17028,129.1934,16,0,0
2025-11-13,129.21456,129.2961,129.20706,129.23324,16,0,0
2025-11-14,129.2644,129.32271,129.23659,129.30627,14,0,0
2025-11-17,129.29633,129.61252,129.25566,129.60273,15,0,0
2025-11-18,129.55469,129.73756,129.33151,129.68679,13,0,0
2025-11-19,129.64206,130.08301,129.64206,129.87213,14,0,0
2025-11-20,129.8566,129.97562,129.64578,129.67684,13,0,0
2025-11-21,129.65915,129.65915,129.36998,129.56385,14,0,0
2025-11-24,129.35194,129.65474,129.33239,129.60284,13,0,0
2025-11-25,129.61568,129.75278,129.60668,129.65754,14,0,0
2025-11-26,129.32601,129.72897,129.32601,129.72897,14,0,0
2025-11-27,129.73641,129.78919,129.45316,129.75731,24,0,0
2025-11-28,129.76899,129.769,129.33429,129.62373,35,0,0
2025-12-01,129.2269,129.47235,129.19466,129.35293,17,0,0
2025-12-02,129.33306,129.50018,129.25317,129.26771,13,0,0
2025-12-03,129.26571,129.41589,129.11673,129.37966,20,0,0
2025-12-04,129.39019,129.41674,129.33662,129.35602,20,0,0
2025-12-05,129.37553,129.60134,129.29207,129.29668,16,0,0
2025-12-08,129.35082,129.39424,129.25107,129.25428,17,0,0
2025-12-09,129.26123,129.29982,129.19832,129.25759,16,0,0
2025-12-10,129.26135,129.39864,129.20632,129.20632,18,0,0
2025-12-11,129.20532,129.20532,128.75961,129.05329,15,0,0
2025-12-12,129.11143,129.11143,128.75665,128.75665,18,0,0
2025-12-15,128.84268,129.18243,128.77965,129.18243,14,0,0
2025-12-16,128.91316,128.96785,128.82513,128.86135,12,0,0
2025-12-17,128.86056,129.07248,128.86056,128.89798,12,0,0
2025-12-18,128.91195,128.99165,128.7994,128.89682,12,0,0
2025-12-19,128.91073,128.95835,128.82813,128.82813,12,0,0
2025-12-22,128.90201,128.91062,128.8273,128.896,12,0,0
2025-12-23,128.9002,128.95703,128.43797,128.89782,11,0,0
2025-12-24,128.91495,128.96703,128.83057,128.9379,11,0,0
2025-12-26,128.95421,128.96109,128.93115,128.94647,11,0,0
2025-12-29,128.94586,129.02056,128.82308,128.82308,12,0,0
2025-12-30,128.85972,128.99495,128.81861,128.99495,11,0,0
2025-12-31,128.99463,129.22256,128.97232,129.01529,10,0,0
2026-01-02,129.026,129.06247,128.98122,128.98752,12,0,0
2026-01-05,128.97307,129.18577,128.97307,129.01418,12,0,0
2026-01-06,129.00936,129.02624,128.8082,128.997,12,0,0
2026-01-07,129.00122,129.11261,128.99278,128.99278,12,0,0
2026-01-08,128.99522,129.08268,128.99018,128.99132,12,0,0
2026-01-09,128.99211,129.34746,128.9636,129.00246,11,0,0
2026-01-12,129.06635,129.07054,128.90382,128.99441,12,0,0
2026-01-13,129.00763,129.10908,128.80143,128.98807,12,0,0
2026-01-14,129.00264,129.17213,128.91478,129.00128,12,0,0
2026-01-15,128.98491,129.08518,128.94675,128.98794,12,0,0
2026-01-16,129.00617,129.11332,128.97805,128.99083,12,0,0
2026-01-19,129.06951,129.12476,128.96899,128.97111,12,0,0
2026-01-20,128.97229,129.01015,128.89612,128.91725,12,0,0
2026-01-21,128.90855,129.05535,128.90855,129.00011,12,0,0
2026-01-22,129.00367,129.15781,128.97886,129.00319,12,0,0
2026-01-23,129.00011,129.008,128.94314,128.96541,12,0,0
2026-01-26,128.18178,128.98362,128.15568,128.95665,11,0,0
2026-01-27,128.96832,129.10121,128.78225,129.10121,12,0,0
2026-01-28,129.09782,129.11961,128.97746,128.98754,12,0,0
2026-01-29,128.98764,128.99793,128.97583,128.99398,12,0,0
2026-01-30,129.01933,129.13992,128.99138,128.9914,12,0,0
2026-02-02,129.43693,129.71022,129.04044,129.0672,12,0,0
2026-02-03,129.09606,129.27594,128.96141,128.99002,11,0,0
2026-02-04,129.0027,129.0027,128.62399,128.9628,11,0,0
2026-02-05,128.95854,129.0988,128.95854,129.00088,12,0,0
2026-02-06,129.00036,129.07164,128.98578,128.99796,12,0,0
2026-02-09,128.78802,129.01768,128.70714,129.01768,12,0,0
2026-02-10,128.89986,129.01489,128.86103,128.95594,12,0,0
2026-02-11,128.91628,129.02929,128.91588,129.01122,12,0,0
2026-02-12,128.99879,129.18001,128.97233,128.99694,12,0,0
2026-02-13,128.99211,129.18282,128.96406,128.9948,12,0,0
2026-02-16,128.83006,129.02976,128.83006,129.02218,12,0,0
2026-02-17,129.0098,129.10778,128.98563,128.99657,11,0,0
2026-02-18,128.82971,129.00611,128.80229,128.99971,12,0,0
2026-02-19,129.00554,129.24102,128.9596,129.0042,12,0,0
2026-02-20,129.00393,129.18581,128.94365,129.00923,12,0,0
2026-02-23,128.74306,128.99575,128.36307,128.72009,12,0,0
2026-02-24,128.80353,129.00379,128.6322,128.99848,12,0,0
2026-02-25,129.02031,129.02031,128.90234,128.92769,12,0,0
2026-02-26,128.90962,129.01024,128.54074,128.99763,12,0,0
2026-02-27,129.01648,129.01648,128.9692,128.99488,12,0,0
2026-03-02,128.83288,129.17809,128.81078,129.02194,12,0,0
2026-03-03,129.00544,129.37016,129.00544,129.11677,11,0,0
2026-03-04,129.12286,129.19941,129.06555,129.19124,12,0,0
2026-03-05,129.17634,129.27449,129.03273,129.19614,12,0,0
2026-03-06,129.18318,129.2222,129.1434,129.14704,12,0,0
2026-03-09,128.77596,129.30578,128.4803,129.24474,12,0,0
2026-03-10,129.30612,129.30612,128.85946,129.25271,12,0,0
2026-03-11,129.25416,129.27853,129.2033,129.22845,12,0,0
2026-03-12,129.2069,129.51929,129.0986,129.0986,12,0,0
2026-03-13,129.25849,129.5784,129.18252,129.26924,12,0,0
2026-03-16,129.29813,129.4768,129.27306,129.37234,12,0,0
2026-03-17,129.38952,129.56012,129.34993,129.54792,12,0,0
2026-03-18,129.54317,129.59622,129.33144,129.56321,12,0,0
2026-03-19,129.55331,130.01937,129.35741,129.59602,12,0,0
2026-03-20,129.59771,129.60046,128.90361,129.59451,12,0,0
2026-03-23,129.32294,129.70991,129.32294,129.53328,12,0,0
2026-03-24,129.50308,129.69919,129.29896,129.69919,12,0,0
2026-03-25,129.69866,129.72035,129.40503,129.72035,11,0,0
2026-03-26,129.73646,129.89674,129.61473,129.86901,12,0,0
2026-03-27,129.91055,129.99053,129.66598,129.90054,17,0,0
2026-03-30,129.65174,130.30386,129.65174,130.27663,12,0,0
2026-03-31,130.14871,130.14871,129.9133,129.96948,12,0,0
2026-04-01,129.98314,130.12775,129.97208,130.05362,12,0,0
2026-04-02,130.04819,130.15092,130.0347,130.09088,12,0,0
2026-04-03,130.09472,130.10726,129.81449,129.81449,12,0,0
2026-04-06,129.92973,130.0901,129.82017,130.07471,12,0,0
2026-04-07,130.0798,130.11293,130.02041,130.08578,12,0,0
2026-04-08,130.0821,130.0821,129.34825,129.42366,11,0,0
2026-04-09,129.41054,129.4331,129.17766,129.20418,12,0,0
2026-04-10,129.2156,129.25569,129.17405,129.17405,12,0,0
2026-04-13,129.19812,129.48828,129.19477,129.36475,12,0,0
2026-04-14,129.47214,129.52537,129.31696,129.37696,12,0,0
2026-04-15,129.31707,129.43736,129.20506,129.21364,12,0,0
2026-04-16,129.21503,129.21503,128.86606,129.15913,11,0,0
2026-04-17,129.16195,129.2113,128.93666,129.08406,15,0,0
2026-04-20,129.22328,129.26722,129.09334,129.23425,12,0,0
2026-04-21,129.22332,129.24083,128.97334,129.0582,12,0,0
2026-04-22,129.06905,129.24533,129.06905,129.13665,11,0,0
2026-04-23,129.11499,129.40889,129.11499,129.28066,12,0,0
2026-04-24,129.27519,129.32283,129.24945,129.31198,10,0,0
2026-04-27,129.2177,129.32092,129.12609,129.32092,12,0,0
2026-04-28,129.29959,129.37778,129.10607,129.10607,11,0,0
2026-04-29,129.10804,129.15759,129.08747,129.13354,12,0,0
2026-04-30,129.13399,129.20363,129.12586,129.17093,12,0,0
2026-05-01,129.16365,129.17725,129.16219,129.17388,6,0,0
